,bfmoalive57-AG-48h-P3-L2,bfmoalive57-AG-48h-P3-L2
,C1,C2
m,18582.319681412893,18598.961591573105
std,2213.9791892217936,2223.4523370434467
