,bfmoalive57-AG-48h-P3-L2,bfmoalive57-AG-48h-P3-L2,bfmoalive57-AG-48h-P3-L2,bfmoalive57-AG-48h-P3-L2,bfmoalive57-AG-48h-P3-L2
,C1,C2,C3,C4,C5
m,3484.968564829725,4353.543771247092,9041.282368640783,6520.761330410926,4593.4297269935
std,6495.592813877364,4903.402534025203,4354.473232464444,5024.510558557314,3262.6528954271553
